comment_id,comment,repo,language,security_categories,manual_label,actual_label,logistic_regression_prediction,linear_svm_prediction,random_forest_prediction,disagreement_type,correct_models
247053880,"I have not tested, but this looks like a security hole\\If server is configured to use whitelist (invalidators), and evil user sends x-purge-token header with empty value, this `if` might match if env variable `HTTPCACHE_VARNISH_INVALIDATE_TOKEN` is ",ezplatform-http-cache,,general_security; secrets,1,1,0,1,0,"LR + RF agree, SVM disagrees",Linear SVM
222617322,insecur**e**\```go\// Insecure disables client verification of server TLS certificate chain\```,gravity,Go,cryptography,1,1,0,1,1,"SVM + RF agree, LR disagrees","Linear SVM, Random Forest"
280275567,"```suggestion\Provided that your Google Play Developer account is secure, a malicious actor will not be able to update your app with your keystore and keystore password. You cannot change your keystore.\```",expo,Objective-C,authentication; malicious_activity,1,1,0,1,0,"LR + RF agree, SVM disagrees",Linear SVM
208493130,"The email is displayed in the user nav bar. The session must exist for the page to render, otherwise we force a redirect to re-authenticate. So theoretically, there won't ever be an issue in retrieving the email (unless there's a drastic change where the",company-accounts.web.ch.gov.uk,,authentication,0,0,0,1,0,"LR + RF agree, SVM disagrees","Logistic Regression, Random Forest"
270232676,We can do that (by ensuring it is equal to one of the dir in sites/ . I'll look into this since planning to do a couple more things here (encrypt token stored in database and thinking about some mechanism to prevent brute force attacks on both user/pass ,openemr,PHP,cryptography; secrets,1,1,1,1,0,"LR + SVM agree, RF disagrees","Logistic Regression, Linear SVM"
266441344,@akgalwas AddAuthorization is now used in two different scenarios:\- regular calls to upstream service;\- requests sent to the service endpoint that exposes CSRF tokens (secured with the same auth method as regular calls).\\If case of certificate,kyma,,cryptography; injection; secrets,1,1,1,1,0,"LR + SVM agree, RF disagrees","Logistic Regression, Linear SVM"
196620426,It's checking that it responds with a success status code (i.e. that the CSRF token is considered valid). A 403 would cause WebTest to throw an exception. The username and password are incorrect because it's not necessary to test the process of logging i,weasyl,,authentication; injection; secrets,1,1,1,1,0,"LR + SVM agree, RF disagrees","Logistic Regression, Linear SVM"
214662488,Do we need a default value for a secret in the first place? This is a such opportunity for a security hole.,legion,Python,general_security; secrets,1,1,0,1,0,"LR + RF agree, SVM disagrees",Linear SVM
282392406,"@rvl I am not sure are you ok with this change?\\> This applies the password validation rules (e.g. 10 chars). But if the password was set through an API call with curl, then it might not validate.\\password wouldn't validate with curl as well be",cardano-wallet,,authentication; input_validation,1,1,0,1,1,"SVM + RF agree, LR disagrees","Linear SVM, Random Forest"
267436233,"Is it OK to make this information public?  If this is all generated locally, how is the API involved?  Could someone else use this key and ID to break our search?  Or possibly to inject malicious code into our users' browser sessions?",taskcluster,,authentication; malicious_activity,1,1,0,1,0,"LR + RF agree, SVM disagrees",Linear SVM
258808854,"The error message make no sense. Also, `assertTrue( bool(v), .` is more expressive. Exploiting the equivalence between `not  x` and `not bool(x)` is borderline insidious.",azul,,vulnerability,1,1,0,0,1,"LR + SVM agree, RF disagrees",Random Forest
287555815,"Good catch, that's one stupid security hole I didn't thought trough...\\Even if the web interface port isn't open when the default password is in use the password can be MiTM since I didn't added the possibility to configure the SSL files. With that ",nixpkgs,Nix,authentication; cryptography; general_security,1,1,0,1,0,"LR + RF agree, SVM disagrees",Linear SVM
266692799,```suggestion\The gRPC can be run in clear-text mode _(insecure! that's why it is hidden and for lab test only!)_ or SSL encrypted mode for enhanced security. For simplicity we'll go with clear-text in the lab. More information about gRPC over SSL can ,antidote,JavaScript,cryptography; general_security,1,1,1,1,0,"LR + SVM agree, RF disagrees","Logistic Regression, Linear SVM"
250967743,"status 401 - unauthorized, I'm not sure if controller check authorization...",eoc,,authorization,1,1,1,1,0,"LR + SVM agree, RF disagrees","Logistic Regression, Linear SVM"
238675455,"Changed to \""Factories allow you to replace variables or placeholders with real values to expose sensitive information (passwords, URLs, account names, API keys) in the source code \"". Better?",che-docs,CSS,authentication; secrets,1,1,1,1,0,"LR + SVM agree, RF disagrees","Logistic Regression, Linear SVM"
287533732,"Shall we also test ServiceRoleBinding, which is the publicly supported v1alpha1 policy?\\To allow b to call a, the authorization policy should be (the selector part is missing):\\...\spec:\  selector:\    matchLabels: \      app: a\  al",istio,,authorization,0,0,0,1,0,"LR + RF agree, SVM disagrees","Logistic Regression, Random Forest"
237169656,Paperclip actually doesn't sanitize the file name. I added a validation on `HostedFile` and a spec for the `FilesController` to prevent file_name-spoofing,pageflow,Ruby,input_validation,1,1,0,1,0,"LR + RF agree, SVM disagrees",Linear SVM
227524280,"Maybe rename this to \""missing claims and request info\"" (or something in that vein). When I first read \""missing JWT\"" I assumed it was a test where the request itself is missing an Authorization header and it didn't make sense to me that it would retur",sensu-go,Go,authorization,1,1,0,1,0,"LR + RF agree, SVM disagrees",Linear SVM
263916168,And this needs to be placed before `[remote code execution]:` reference.\```suggestion\[`minVersion`]: tls.html#tls_tls_createsecurecontext_options\```,node,JavaScript,code_execution; cryptography,1,1,1,1,0,"LR + SVM agree, RF disagrees","Logistic Regression, Linear SVM"
238173051,"Having read this, I'd expect the example code to have at least 3 different connections.\ Suggest: \""The following code shows different ways of setting up a connection using SSL or TLS. They are both potentially insecure because the default version is u",ql,,cryptography,1,1,0,1,0,"LR + RF agree, SVM disagrees",Linear SVM
231669283,"I tested manually with security manager with and without read permission to the resource files and it works as expected. In the case of not having read access to the file, i get the below exception:\\java.security.AccessControlException: access denie",openjdk-jfx,C++,authorization; general_security,1,1,0,1,1,"SVM + RF agree, LR disagrees","Linear SVM, Random Forest"
219130258,"![BLOCKER](https://sonarsource.github.io/sonar-github/severity-blocker.png 'Severity: BLOCKER') 'password' detected in this expression, review this potentially hard-coded credential. [![rule](https://sonarsource.github.io/sonar-github/rule.png)](https://",raml-module-builder,RAML,authentication; secrets,0,0,1,0,0,"SVM + RF agree, LR disagrees","Linear SVM, Random Forest"
209956526,"We cannot give everyone access to a spec file.\Here should be auth='user', csrf=True(it's default)",addons-dev,,injection,1,1,1,1,0,"LR + SVM agree, RF disagrees","Logistic Regression, Linear SVM"
219259701,"Shoot.... There's a problem, this is insecure.  command line args can be seen on nearly any platform so they cannot be used to pass around passwords and other secrets.",ansible,Python,authentication; secrets,1,1,1,1,0,"LR + SVM agree, RF disagrees","Logistic Regression, Linear SVM"
