comment_id,comment,repo,language,security_categories,candidate_score,indicator_strength,actual_label,predicted_label,decision_score,prediction_type
212461312,Can there be a patron without an authorization identifier?,circulation-web,,authorization,2,weak,1,0,-1.4575249402876862,False Negative
212062186,"Client *without* any client authorization configured but the service descriptor requires authorization. This means, the client won't be able to decrypt the descriptor and thus ending up here.\\We should first bring down that log to `log_info()` in my",tor,C,authorization; cryptography,3,weak,1,0,-1.419259354166917,False Negative
263658496,You changed the ternary check to not return an empty string. Will this be ok if there's no auth header?\Or shouldn't this be:\\```javascript\const headers = {};\const token = auth.getIdToken();\if (token) {\headers.authorization = `Bearer $,graphql-engine,JavaScript,authorization; secrets,3,weak,1,0,-1.3437754552503378,False Negative
206875134,This is optional. The user can provide a Kerberos username when decides not to authenticate using the client certificate. When a client certificate is provided with the connection request there will be no Kerberos authentication performed at all.,nifi,Java,authentication; cryptography,3,weak,1,0,-1.327563583029225,False Negative
219347689,"I'm not sure if a `GET` will work here if the content is `\""stage\"": \""preview\""` in the digests API without providing an `Authorization` header. Temporarily, I think the `PUT` to the endpoint is not working just yet.",elife-spectrum,HTML,authorization,2,weak,1,0,-1.281783190070777,False Negative
257410055,Notebook has no control over the authorization system (please lets stop calling it authentication).,hail,Scala,authentication; authorization,3,weak,1,0,-1.2409099599562836,False Negative
256440035,This is the client giving the server a valid access token and the server fetching a UserToken from .security that has no `Authentication`. I would claim this is the server's error if the UserToken was malformed in storage or if it originally created one ,elasticsearch,Java,authentication; general_security; secrets,3,weak,1,0,-1.1714904994081066,False Negative
240561107,I'd maybe rephrase that to:\\> The next steps show how to configure TLS for a brand new cluster. If you already have a cluster in production without TLS please see the [encryption guide][guide] for the steps needed to introduce TLS without downtime.,consul,Go,cryptography,2,weak,1,0,-1.1212992291878834,False Negative
242920176,"Single-user is not a case at all. There is no any authentication nor authorization. And as far as you can see, `PermissionsModule` is bound only for multiuser https://github.com/eclipse/che/blob/3a14bacda15ad501b77161abc7c70dec5b917913/assembly/assembly-",che,Java,authentication; authorization,3,weak,1,0,-1.1010127910063054,False Negative
281977077,"`$ENCRYPTED_PASS` is base64 encoded password, there is no encryption happening. Please change variable name.\\Also, using `'` prevents `\""$ENCRYPTED_PASS\""` from evaluating - please provide a note about this, or change a line to `'{\""data\"": {\""passw",click-to-deploy,Shell,authentication; cryptography,2,weak,1,0,-1.0366357359829916,False Negative
215326921,"Pedantic, but it is possible to create a workunit with no user on a system with no validation set.  a blank/null user should match a blank user in the token.",HPCC-Platform,C++,input_validation; secrets,2,weak,1,0,-1.023791390108866,False Negative
209480390,"Should the cookie be returned only when it's an encrypted connection? I could see that not being necessary, since if it is an unencrypted connection, the client would have already exposed the token in the `Authorization` header. However, I thought I'd me",central-backend,JavaScript,authorization; cryptography; secrets,4,weak,1,0,-0.9841267899416787,False Negative
248424655,We can't merge this with an InsecureSkipVerify true. We need to be using proper certificate validation,kiali,Go,cryptography; input_validation,2,weak,1,0,-0.9751163817061089,False Negative
246075433,"Both approaches have a weakness, however I see the use of a random password being the default convention for major charts:\\Mysql: https://github.com/helm/charts/blob/b585508f338441c726cf042095553230e81ac0b7/stable/mysql/templates/secrets.yaml#L18-L2",charts,Shell,authentication; secrets,2,weak,1,0,-0.9147126295704171,False Negative
238653537,"This name is confusing to me, do you pretend to *authenticate*? or to throw the missing authentication error response?",aether,,authentication,2,weak,1,0,-0.8952950840202184,False Negative
257337734,"This seems odd? The HTTP/1.1 [RFC 7235 4.2](https://tools.ietf.org/html/rfc7235#section-4.2) spec makes no mention of repeated authorization tokens (the \""credentials\"" field is defined in [2.1] (https://tools.ietf.org/html/rfc7235#section-2.1)). Why wou",hail,Scala,authentication; authorization; secrets,4,weak,1,0,-0.8137491170918253,False Negative
202590494,"Some endpoints on the storage are allowed to have no authentication (like for anonymous pull of a public repository, you need also anonymous access to the LFS objects). The main token swapping (refresh -> access) is done in the decorator, this authorize ",renku-gateway,Python,authentication; authorization; secrets,3,weak,1,0,-0.8041939879720942,False Negative
230755993,"@beyang @keegancsmith @sqs currently our session cookies are http-only. To allow embedding them in the URL, we would need to expose the session token to extensions, meaning making it accessible to client JavaScript in a way. Do you see security implicati",sourcegraph,,authentication; general_security; secrets,3,weak,1,0,-0.7826707036850195,False Negative
248428300,"Out of curiosity, this means that we're Authenticated if the jwt contained a userName that is in our Users table and an accessToken in the accessToken table.\\Does that mean any user in the user table can use any token in the access table?  I don't t",cumulus,JavaScript,authentication; secrets,2,weak,1,0,-0.7508417783786095,False Negative
194308977,What about `*storePassword`?\\Actually I'm thinking of using Hadoop credential provider to store password (https://hadoop.apache.org/docs/current/hadoop-project-dist/hadoop-common/CredentialProviderAPI.html) to avoid plaintext password. I have a loca,spark,Scala,authentication; secrets,2,weak,1,0,-0.7459885297044899,False Negative
235915054,"That's right, you need to have on the host a copy of the server certificate (i.e. the .crt file).\\Then you can use the `--dest-cert-dir` flag instead of `--dest-tls-verify=false`, like this:\\```bash\skopeo sync --dest-cert-dir /path/to/the/ce",doc-caasp,,cryptography,2,weak,1,0,-0.735685950967424,False Negative
245642940,"Why do we need this again? It would be really good to avoid having to expose the secrets to a public web service, as these are prone to getting attacked. I suppose it's just the github token, it doesn't need e. g. the private SSL/SSH keys. Thus the githu",cockpituous,Shell,cryptography; secrets,3,weak,1,0,-0.7313249287423986,False Negative
286265713,This is a little tricky. If you set userId or email. IterableSDK will register for token without asking for permission. If the app has background mode enabled then we can send silent pushes. I am not sure if we should make this clearer.,swift-sdk,Swift,authorization; secrets,2,weak,1,0,-0.729189700014891,False Negative
285115485,"We discussed this in the call, decision was: let's go with plaintext secrets in the first stage to make it similar to how API keys are handled. Later in a separate ticket let's upgrade the security of all secrets and store them in hashed form.",engine-and-editor,JavaScript,general_security; secrets,3,weak,1,0,-0.7258141555011712,False Negative
197577498,"It's also possible that you'd raise a `KeyError` here if there was no Authorization header at all.\\Can just avoid it by either `except (KeyError, IndexError)` or `request.META.get('HTTP_AUTHORIZATION', '').split(' ')[1]`\\Also ProTip:\\```py",sentry,Python,authorization,2,weak,1,0,-0.70934493430838,False Negative
283135354,"remove, be sure to add a message that clarifies the behavior (no password means no encryption)",cloudify-cli,Python,authentication; cryptography,2,weak,1,0,-0.7002207997553179,False Negative
213705157,TLS MITM still cannot observe password - so IMO reasonable approach.,minio,Go,authentication; cryptography,2,weak,1,0,-0.663887257959615,False Negative
250529654,"Sending bearer tokens un-encrypted over the wire sounds a bit scary to me. Given that this would be the Prometheus service account token, one could gain quite a bit, impersonating it. What do you think?",operator-lifecycle-manager,Go,cryptography; secrets,2,weak,1,0,-0.6132348975983912,False Negative
265202664,I suggest changing:\**Insecure: Skip TLS certificates verification.**\to:\**Set to true to skip TLS certificates verification.**,jfrog-cli-go,Go,cryptography,2,weak,1,0,-0.5369940723935149,False Negative
202470402,"Mmhmm, I was mostly trying to get at the user experience side, like:\\1. User sets encrypted password in Maven settings\1. We try to decrypt, but `SettingsDecrypter` is `null`, so the password wasn't decrypted\1. Users sees `401 Unauthorized` and",jib,Java,authentication; cryptography,3,weak,1,0,-0.3727850973432272,False Negative
269237008,"I think we should add security note on using third-party icon packs, since we're not sanitizing input.",nebular,,general_security; input_validation,2,weak,1,0,-0.36238356836458646,False Negative
237280141,"\""unauthorized to view the user\"" isn't right - I can view Maciej's user object just fine, but I do get a 404 when trying to create an authentication token in his account. This needs re-wording. ",terraform-website,HTML,authentication; secrets,2,weak,1,0,-0.31665990919745757,False Negative
225763433,"Thanks @sdake and @monotek for the discussion here, I have same concern as @sdake , we do not want to expose either user name or password in values.yaml, otherwise, the end user will able to know the user name or password for Kilai via `helm get --tls va",istio,,authentication; cryptography,2,weak,1,0,-0.3132010030437935,False Negative
228730173,"I'm not a huge fan of stuffing this information into the request session and then manually checking it in the view. It's bypassing the Pyramid authorization framework, and I feel like it will make it easier to either forget to check it (or worse, check o",warehouse,Python,authentication; authorization,3,weak,1,0,-0.2634008012563108,False Negative
281867109,@djyou This is a valid case that we want to support. Say the user has no problem keeping their username in plaintext but wants to hide their passwords. Then we want to support combinations of credential types.,azure-cli,Python,authentication; secrets,2,weak,1,0,-0.24417168182427043,False Negative
240574119,"Can we recommend using ENV for the token please? Including secrets in command arg is a big security risk and in this example where we are implicitly showing \""how to do it in your secured production env\"" that is especially true. I think it should look l",consul,Go,general_security; secrets,3,weak,1,0,-0.1473209993837336,False Negative
234655595,Could you add a big and fat warning? Something like:\\Running without TLS validation (**insecure!**):,prom2json,Go,cryptography; input_validation,2,weak,1,0,-0.10984017035096393,False Negative
258808854,"The error message make no sense. Also, `assertTrue( bool(v), .` is more expressive. Exploiting the equivalence between `not  x` and `not bool(x)` is borderline insidious.",azul,,vulnerability,2,strong,1,0,-0.09729050703520925,False Negative
199727255,"The ACL piece introduced in API 4.0 allows clients (and their bearer tokens) to have a limited set of permissions, so I don't see this as a security vulnerability. Sure, they can intercept the bearer token being used by peeking into the Ajax requests, bu",publish,JavaScript,authorization; general_security; secrets; vulnerability,7,strong,1,0,-0.08683452373669452,False Negative
226853252,"the API key should be configurable by consumer, and not hard-coded. sometimes, external API usage terms are subject to change. The configured key should be passed via the `config` RCE prop, under the `[GIPHY_TYPE]` key (see editor example for reference).",rich-content,JavaScript,code_execution; secrets,3,strong,1,0,-0.07085266390243786,False Negative
265959453,"Hm, yes we could. The token will end up in the client though anyway (it's considered a client-safe token, plus the API is read-only, so basically no security risk), but I agree this is a good practice. \\Where's a good place to move it? Not sure if S",OPENFORGE.IO,TypeScript,general_security; secrets,2,weak,1,0,-0.05272460223270066,False Negative
