comment_id,comment,repo,language,pr_id,c_id,matched_strong,matched_weak,security_categories,candidate_score,indicator_strength,review_group,manual_label,review_notes
245903842,"Yes, request returns 403 error.\```InvalidClientTokenId: The security token included in the request is invalid.\\n\\tstatus code: 403```",pmm-managed,Go,52814388,1261051435,,token; security,general_security; secrets,2,weak,weak_candidate,0,"Security-related keyword appears in a normal programming/documentation context, not describing an actual weakness."
244981767,![Vulnerability](https://sonarsource.github.io/sonar-github/vulnerability.png 'Vulnerability') Vulnerability: Use a logger to log this exception. ([squid:S1148](https://sonarcloud.io/organizations/tron-zhaohong/rules#rule_key=squid%3AS1148))\\[See it i,java-tron,Java,52749610,1257367645,vulnerability,,vulnerability,2,strong,strong_candidate,0,"SonarQube tags this 'Vulnerability' but the underlying issue (exception logging / making a field final) is a code-quality matter, not a security weakness."
257495367,"![Vulnerability](https://sonarsource.github.io/sonar-github/vulnerability.png 'Vulnerability') Vulnerability: Make this \""public static TEST_INPUT_PERSON_RESOLVER\"" field final ([squid:S1444](https://sonarqube.kbuild.msap.io/coding_rules#rule_key=squid%3",mule,Java,55094381,1297532764,vulnerability,,vulnerability,2,strong,strong_candidate,0,"SonarQube tags this 'Vulnerability' but the underlying issue (exception logging / making a field final) is a code-quality matter, not a security weakness."
276011575,We shouldn't call this option host. It's an api key or a token.,home-assistant.io,HTML,57118618,1366610266,,api key; token,secrets,2,weak,weak_candidate,0,"Security-related keyword appears in a normal programming/documentation context, not describing an actual weakness."
200001345,![Vulnerability](https://sonarsource.github.io/sonar-github/vulnerability.png 'Vulnerability') Vulnerability: Use a logger to log this exception. ([squid:S1148](https://sonarcloud.io/organizations/tron-zhaohong/rules#rule_key=squid%3AS1148))\\[See it i,java-tron,Java,41911296,1060468406,vulnerability,,vulnerability,2,strong,strong_candidate,0,"SonarQube tags this 'Vulnerability' but the underlying issue (exception logging / making a field final) is a code-quality matter, not a security weakness."
269270096,Appears to be fixed.\\```\msf5 exploit(multi/postgres/postgres_copy_from_program_cmd_exec) > rcheck \[*] Reloading module...\\[*] 127.0.0.1:5432 - 127.0.0.1:5432 Postgres - querying with 'select version()'\[*] 127.0.0.1:5432 - The target ap,metasploit-framework,Ruby,58307705,1338494689,exploit,,vulnerability,2,strong,strong_candidate,0,"Discusses normal Metasploit exploit-module development/testing; 'exploit' is used in the tool's ordinary sense, not describing a vulnerability in the reviewed code."
257015077,"![Vulnerability](https://sonarsource.github.io/sonar-github/vulnerability.png 'Vulnerability') Vulnerability: Make this \""public static TEST_INPUT_PERSON_RESOLVER\"" field final ([squid:S1444](https://sonarqube.kbuild.msap.io/coding_rules#rule_key=squid%3",mule,Java,55094381,1297532764,vulnerability,,vulnerability,2,strong,strong_candidate,0,"SonarQube tags this 'Vulnerability' but the underlying issue (exception logging / making a field final) is a code-quality matter, not a security weakness."
229399908,"```\            OTP(0, 0),\            SMS(1, 1),\            PASSWORD(2, 2),\            ASSERTION(3, 3),\            IWA(4, 4),\            EMAIL(5, 5),\            OAUTH2(6, 6),\            JWT(7, 7),\            CERTIFICATE(8, 8),\",okta.github.io,HTML,48737320,1185380235,,password; certificate,authentication; cryptography,2,weak,weak_candidate,0,"Security-related keyword appears in a normal programming/documentation context, not describing an actual weakness."
236668724,"Yes, to avoid second VirtIO session I use `exec_and_insert_password` later on and it does not accept different password.",os-autoinst-distri-opensuse,Perl,50520872,1216684135,,password; session,authentication,2,weak,weak_candidate,0,"Security-related keyword appears in a normal programming/documentation context, not describing an actual weakness."
224481035,"It's only needed when the user is not yet authenticated, but we can find out who they are based on a token, for example, when confirming email, resetting password, etc.",identity-idp,Ruby,47046532,1162418243,,authenticate; password; token,authentication; secrets,3,weak,weak_candidate,0,"Security-related keyword appears in a normal programming/documentation context, not describing an actual weakness."
261253819,"What's the type of `result` here? A dask array with unknown chunks or a dask dataframe?\\if it's a dataframe, I'd prefer to convert it to an array and make the same assertions, so that we aren't vulnerable to changes in pandas' broadcasting rules.",dask-ml,,55638721,1308759529,vulnerable,,vulnerability,2,strong,strong_candidate,0,"'vulnerable' is used to mean code fragility/incorrect behavior, not a security vulnerability."
269009808,```suggestion\# + credentialBearer - How authentication credentials are sent to the authorization server\```,ballerina-lang,Java,58161645,1340376639,,authentication; authorization; authorize; credential,authentication; authorization; secrets,4,weak,weak_candidate,0,"Security-related keyword appears in a normal programming/documentation context, not describing an actual weakness."
289039978,"```suggestion\7. Log in to DNAnexus, where `$TOKEN` is an [API Token](https://wiki.dnanexus.com/Command-Line-Client/Login-and-Logout#Authentication-Tokens).  \```",sjcloud-docs,,63022564,1402870784,,authentication; token,authentication; secrets,2,weak,weak_candidate,0,"Security-related keyword appears in a normal programming/documentation context, not describing an actual weakness."
268498651,```suggestion\# + clientId - Client ID for password grant authentication\```,ballerina-lang,Java,58161645,1339428979,,authentication; password,authentication,2,weak,weak_candidate,0,"Security-related keyword appears in a normal programming/documentation context, not describing an actual weakness."
282820325,Unnecessarily quoted property 'Authorization' found  quote-props,ah-the-answer-frontend,,62174043,1391626196,,authorization; authorize,authorization,2,weak,weak_candidate,0,"Security-related keyword appears in a normal programming/documentation context, not describing an actual weakness."
234391085,"Please convert this to a `switch` with an empty-assertion. As it stands,\it is vulnerable to silently doing the wrong thing in the faces of\particular new kinds of adjacencies.\",SourceCred,,49933985,1206209059,vulnerable,,vulnerability,2,strong,strong_candidate,0,"'vulnerable' is used to mean code fragility/incorrect behavior, not a security vulnerability."
262587502,"This module should use positively worded logic where possible, C-style logical operators, and avoid nested conditionals (early return ideally).\\I also suggest moving the `check` and `exploit` methods under `initialize` as we normally do.",metasploit-framework,Ruby,53019525,1320390382,exploit,,vulnerability,2,strong,strong_candidate,0,"Discusses normal Metasploit exploit-module development/testing; 'exploit' is used in the tool's ordinary sense, not describing a vulnerability in the reviewed code."
269017560,```suggestion\# + return - Auth token or `error` if an error occured during validation\```,ballerina-lang,Java,58161645,1340376639,,token; validation,input_validation; secrets,2,weak,weak_candidate,0,"Security-related keyword appears in a normal programming/documentation context, not describing an actual weakness."
279241372,```suggestion\// Authorization is based on scopes. A scope maps to one or more groups.\```,ballerina-lang,Java,60643109,1373973088,,authorization; authorize,authorization,2,weak,weak_candidate,0,"Security-related keyword appears in a normal programming/documentation context, not describing an actual weakness."
214496286,All classes/interfaces should be named using nouns. Please consider making changes across the review. In this specific case something like `Authorization\\CartMutation::isAllowed` sounds better,async-import,,44914975,1117769482,,authorization; authorize,authorization,2,weak,weak_candidate,0,"Security-related keyword appears in a normal programming/documentation context, not describing an actual weakness."
230373741,"Checks would be welcome in the callers so that they can fail with an \""invalid argument\""-type error instead of failing with an `ENOENT` error that would not immediately make sense to someone trying to understand in good faith (and not trying to exploit)",Arsenal,JavaScript,48926317,1188410568,exploit,,vulnerability,2,strong,strong_candidate,0,"Discusses normal Metasploit exploit-module development/testing; 'exploit' is used in the tool's ordinary sense, not describing a vulnerability in the reviewed code."
246396611,This version does not seem to exist?\```\? spack info py-certifi\PythonPackage:   py-certifi\\Description:\    Certifi: A carefully curated collection of Root Certificates for\    validating the trustworthiness of SSL certificates while ver,Spack,,53128594,1263795059,,ssl; certificate,cryptography,2,weak,weak_candidate,0,"Security-related keyword appears in a normal programming/documentation context, not describing an actual weakness."
220296761,Be specific about the actions you want readers to take:\* Follow the the instructions in the [quick start](/docs/setup/kubernetes/quick-start/) to install Istio on Kubernetes with authentication enabled.\* Enable mutual TLS (mTLS) authentication when,istio.io,,46124280,1139426017,,authentication; tls,authentication; cryptography,2,weak,weak_candidate,0,"Security-related keyword appears in a normal programming/documentation context, not describing an actual weakness."
209573956,"Suggestion:\Can we rephrase as:\If you have selected an option to apply same password to the author certificate and to the distributor certificate in [information of the author certificate](#2-information-of-the-author-certificate), the password is a",tizen-docs,,42843897,1099346268,,password; certificate,authentication; cryptography,2,weak,weak_candidate,0,"Security-related keyword appears in a normal programming/documentation context, not describing an actual weakness."
280066215,checked it. without the `new.to_s` it prints `::LogMessages::Authentication::Security::SecurityValidated`,conjur,Ruby,61430803,1380838713,,authentication; security,authentication; general_security,2,weak,weak_candidate,0,"Security-related keyword appears in a normal programming/documentation context, not describing an actual weakness."
273973343,"Interesting, usually this term is used to describe that someone / something had the permission to do sth? Here, it sounds more like it's that and some form of authentication?",ics,,59547113,1359402707,,authentication; permission,authentication; authorization,2,weak,weak_candidate,0,"Security-related keyword appears in a normal programming/documentation context, not describing an actual weakness."
228305698,authentication headers are in jobs_api_config = Rails.application.secrets.jobs\which is defined in secrets. I'll double check the necessity of the header,search-gov,,48368238,1179739165,,authentication; secret,authentication; secrets,2,weak,weak_candidate,0,"Security-related keyword appears in a normal programming/documentation context, not describing an actual weakness."
210121646,"The authorization is part of the `KafkaUser` resource. The `proc-creating.kafka.user.adoc`, and `proc-changing-kafka-user.adoc` even contain an example with ACLs. There is no other procedure IMHO.",strimzi-kafka-operator,Java,44023219,1100963633,,authorization; authorize,authorization,2,weak,weak_candidate,0,"Security-related keyword appears in a normal programming/documentation context, not describing an actual weakness."
262337142,"Yes, Ivan In authentication, AuthState is enough, and no place requires to get authenticationData.\There are a lot of places in authorization code that reference the authenticationData, like in this file and also broker/consumer.java and broker/produce",pulsar,Java,56465539,1320254348,,authentication; authorization; authorize,authentication; authorization,3,weak,weak_candidate,0,"Security-related keyword appears in a normal programming/documentation context, not describing an actual weakness."
241504529,"I will point them to the domain-home-in-image/README.md and just make sure that they have all the specific inputs they need (like the domain UID, the domain namespace and how to \""reate the Kubernetes secrets username and password of the admin account in",weblogic-kubernetes-operator,Java,51687157,1235129439,,password; secret,authentication; secrets,2,weak,weak_candidate,0,"Security-related keyword appears in a normal programming/documentation context, not describing an actual weakness."
239768883,```suggestion\			$this->status = ($vulnerabilities) ? 1 : 0;\```,YetiForceCRM,PHP,51262622,1230368097,vulnerability,,vulnerability,2,strong,strong_candidate,0,"Security-related keyword appears in a normal programming/documentation context, not describing an actual weakness."
257675484,wording: `with provided a TLS certificate`,proposal,,45248674,1285059907,,tls; certificate,cryptography,2,weak,weak_candidate,0,"Security-related keyword appears in a normal programming/documentation context, not describing an actual weakness."
289325998,Same as https://github.com/SkillsFundingAgency/das-authorization/pull/22#discussion_r289319999 & https://github.com/SkillsFundingAgency/das-authorization/pull/22#discussion_r289325570,das-authorization,,63932349,1414560412,,authorization; authorize,authorization,2,weak,weak_candidate,0,"Security-related keyword appears in a normal programming/documentation context, not describing an actual weakness."
222042913,"To specify the authentication chain, can't we just use the same studio config property `studio.security.type` and separate the chain by commas, eg. `studio.security.type: headers, ldap, db`?",studio,Java,46802701,1153179870,,authentication; security,authentication; general_security,2,weak,weak_candidate,0,"Security-related keyword appears in a normal programming/documentation context, not describing an actual weakness."
242933318,"AFAIK the acme annotation is useful in case of Ingress using TLS to autogenerate certificate through cert-manager, whereas our concern is about telling the ingress to use HTTPS to connect to the backend.",charts,Shell,52009253,1244716540,,tls; certificate,cryptography,2,weak,weak_candidate,0,"Security-related keyword appears in a normal programming/documentation context, not describing an actual weakness."
273148760,```\curl --verbose https://github.com/redhWRONGoper/devopsconsole-s?service=git-upload-pack\HTTP/1.1 401 Authorization Required\```\\```\curl --verbose https://bitbucket.org/sbose78/tedxbangalore2017.git/info/refs?service=git-upload-pack\HT,devconsole-operator,Go,59744194,1356775871,,authorization; authorize,authorization,2,weak,weak_candidate,0,"Security-related keyword appears in a normal programming/documentation context, not describing an actual weakness."
244458653,"The limited permissions delimiter character (`';'`) is used in many places. It should probably be stored to some constant, e.g. somewhere in `PlatformConstants.Security` class.",vc-platform-core,,52069801,1251610429,,permission; security,authorization; general_security,2,weak,weak_candidate,0,"Security-related keyword appears in a normal programming/documentation context, not describing an actual weakness."
226655055,```suggestion\response or with the error message ``operation requires privilege escalation``.\```,ansible,Python,47556207,1171869141,privilege escalation,privilege,authorization,3,strong,strong_candidate,0,"Security-related keyword appears in a normal programming/documentation context, not describing an actual weakness."
200004545,![Vulnerability](https://sonarsource.github.io/sonar-github/vulnerability.png 'Vulnerability') Vulnerability: Use a logger to log this exception. ([squid:S1148](https://sonarcloud.io/organizations/tron-zhaohong/rules#rule_key=squid%3AS1148))\\[See it i,java-tron,Java,41911296,1060491746,vulnerability,,vulnerability,2,strong,strong_candidate,0,"SonarQube tags this 'Vulnerability' but the underlying issue (exception logging / making a field final) is a code-quality matter, not a security weakness."
254758496,> Is there something I may be doing incorrectly?\\No idea.\\I had a `Request pull failed with message: Authentication failed. You may not have permission to access the repository or the repository may have been archived.` error. I have to look in,Theia,TypeScript,54492140,1293105830,,authentication; permission,authentication; authorization,2,weak,weak_candidate,0,"Security-related keyword appears in a normal programming/documentation context, not describing an actual weakness."
230522111,Ah! Thanks for the note: I was going to change the Authorization Attributes middleware to rely on the Namespace middleware!,sensu-go,Go,48995976,1189380467,,authorization; authorize,authorization,2,weak,weak_candidate,0,"Security-related keyword appears in a normal programming/documentation context, not describing an actual weakness."
215998439,"![Vulnerability](https://sonarsource.github.io/sonar-github/vulnerability.png 'Vulnerability') Vulnerability: Make this \""public static isProcessBLock\"" field final ([squid:S1444](https://sonarcloud.io/organizations/tron-zhaohong/rules#rule_key=squid%3AS",java-tron,Java,45345292,1126085329,vulnerability,,vulnerability,2,strong,strong_candidate,0,"SonarQube tags this 'Vulnerability' but the underlying issue (exception logging / making a field final) is a code-quality matter, not a security weakness."
250573796,authZ - authorization\authN- authentication,weave,Go,54135399,1280055769,,authentication; authorization; authorize,authentication; authorization,3,weak,weak_candidate,0,"Security-related keyword appears in a normal programming/documentation context, not describing an actual weakness."
261770234,"Metasploit allows spinning up a temporary HTTP server using the `Msf::Exploit::Remote::HttpServer` mixin, which could be used to catch the HTTP request from the target.\\There are a bunch of examples in the framework. I'm not sure which is the cleane",metasploit-framework,Ruby,55864393,1310624627,exploit,,vulnerability,2,strong,strong_candidate,0,"Discusses normal Metasploit exploit-module development/testing; 'exploit' is used in the tool's ordinary sense, not describing a vulnerability in the reviewed code."
194908819,"@lafriks Their docs say they use the integer ID of the token: https://developer.github.com/v3/oauth_authorizations/#delete-an-authorization\\They also list the ID in the response when listing the tokens, so I will keep this PR the same, and I'll upda",gitea,Go,40818659,1039650991,,authorization; authorize; token,authorization; secrets,3,weak,weak_candidate,0,"Security-related keyword appears in a normal programming/documentation context, not describing an actual weakness."
203835994,"Please help confirm if it is correct to fetch the token from the Secret. I can't get the token in my local, I suppose it probably could be gotten in our Taskcluster.",FirefoxReality,C++,42696255,1075645954,,secret; token,secrets,2,weak,weak_candidate,0,"Security-related keyword appears in a normal programming/documentation context, not describing an actual weakness."
231409326,"if the commit is same but the credentials(e.g, username and password) are changed and the previous conditional status if false then we also need to update it once as edit catalog CRD will not set condition status to `unknown`.",rancher,Shell,48163452,1179220980,,password; credential,authentication; secrets,2,weak,weak_candidate,0,"Security-related keyword appears in a normal programming/documentation context, not describing an actual weakness."
275196622,"Use to perform code analysis on code property graphs and security profiles, both interactively or with non-interactive automated scripts. ShiftLeft Ocular gives app-sec teams, code auditors, vulnerability researchers and code reviewers the ability to con",documentation,,60058132,1361144134,vulnerability,security,general_security; vulnerability,3,strong,strong_candidate,0,"Security-related keyword appears in a normal programming/documentation context, not describing an actual weakness."
287236457,```suggestion\You can report a vulnerability by contacting us by email at material.ui.org@gmail.com.\```,material-ui,JavaScript,63231959,1406138338,vulnerability,,vulnerability,2,strong,strong_candidate,0,"Security-related keyword appears in a normal programming/documentation context, not describing an actual weakness."
212514026,"It might be clearer to call it \""decryption keys\"" rather than \""encryption keys\"" since they're used for decrypting.",matrix-doc,JavaScript,43339241,1108285458,,encryption; decrypt,cryptography,2,weak,weak_candidate,0,"Security-related keyword appears in a normal programming/documentation context, not describing an actual weakness."
284392443,@FeiChen-okta  Is there a way to point the SDK at the `/oauth2/default` Authorization Server? (see the iOS instructions for comparison),okta-developer-docs,HTML,62533047,1395545055,,authorization; authorize,authorization,2,weak,weak_candidate,0,"Security-related keyword appears in a normal programming/documentation context, not describing an actual weakness."
256419959,"> DecryptBytes takes a byte slice of encrypted data and an encryption key and returns a decrypted byte slice of data. The  key must be an AES key, either 16, 24, or 32 bytes to select AES-128, AES-192, or AES-256",kubernetes,Go,55086840,1295864401,,encryption; decrypt,cryptography,2,weak,weak_candidate,0,"Security-related keyword appears in a normal programming/documentation context, not describing an actual weakness."
258024124,"I don't think other pkey operation types should go in to this function. There are 5 types that `pkeyutl` can currently handle - sign/verify, encrypt/decrypt and key derivation. It seems public key algorithms are not commonly used to encrypt/decrypt large",openssl,C,55136168,1303277356,,encryption; decrypt,cryptography,2,weak,weak_candidate,0,"Security-related keyword appears in a normal programming/documentation context, not describing an actual weakness."
269241105,"Fixed (except for the database password secret, which is still set out of band).",query-service,,58111034,1332829823,,password; secret,authentication; secrets,2,weak,weak_candidate,0,"Security-related keyword appears in a normal programming/documentation context, not describing an actual weakness."
246105532,authorization element: https://docs.microsoft.com/en-us/previous-versions/dotnet/netframework-4.0/8d82143t(v%3dvs.100)\,dotnet-api-docs,Shell,52783099,1262552754,,authorization; authorize,authorization,2,weak,weak_candidate,0,"Security-related keyword appears in a normal programming/documentation context, not describing an actual weakness."
200002724,![Vulnerability](https://sonarsource.github.io/sonar-github/vulnerability.png 'Vulnerability') Vulnerability: Use a logger to log this exception. ([squid:S1148](https://sonarcloud.io/organizations/tron-zhaohong/rules#rule_key=squid%3AS1148))\\[See it i,java-tron,Java,41911296,1060480115,vulnerability,,vulnerability,2,strong,strong_candidate,0,"SonarQube tags this 'Vulnerability' but the underlying issue (exception logging / making a field final) is a code-quality matter, not a security weakness."
267539924,```suggestion\    Check if the user making this request is authenticated and has the given permissions.\```,graphene-django,,20716037,622637032,,authenticate; permission,authentication; authorization,2,weak,weak_candidate,0,"Security-related keyword appears in a normal programming/documentation context, not describing an actual weakness."
240038351,"```suggestion\Next, add SSL certificates for new domain:\```",shopsys,PHP,50540737,1230540691,,ssl; certificate,cryptography,2,weak,weak_candidate,0,"Security-related keyword appears in a normal programming/documentation context, not describing an actual weakness."
242093891,Because it is more simple from an implementation point of view. `tiller-proxy` already has RBAC permissions to get secrets and it already communicates with the kubernetes API so it's easier to just specify the secret as a flag rather than having to set a,kubeapps,Go,51684886,1238838731,,permission; secret,authorization; secrets,2,weak,weak_candidate,0,"Security-related keyword appears in a normal programming/documentation context, not describing an actual weakness."
279335261,"```suggestion\To start Sandbox using persistence, pass an ``--jdbcurl <value>`` option, where ``<value>`` is a valid jdbc url containing the username, password and database name to connect to.\```",daml,Scala,61053887,1378328013,,password; sandbox,authentication; sandbox,2,weak,weak_candidate,0,"Security-related keyword appears in a normal programming/documentation context, not describing an actual weakness."
281839144,"> You can remove authentication-token stub and also the app launch call part as it is in the base setup function already\\removed, thanks",hyperwallet-ios-ui-sdk,Swift,61869922,1387892090,,authentication; token,authentication; secrets,2,weak,weak_candidate,0,"Security-related keyword appears in a normal programming/documentation context, not describing an actual weakness."
279241215,```suggestion\// override the authentication and authorization\```,ballerina-lang,Java,60643109,1373973088,,authentication; authorization; authorize,authentication; authorization,3,weak,weak_candidate,0,"Security-related keyword appears in a normal programming/documentation context, not describing an actual weakness."
275290597,"![Codacy](https://app.codacy.com/assets/images/favicon.png) Issue found: [The \""WordPress.XSS.EscapeOutput\"" sniff has been renamed to \""WordPress.Security.EscapeOutput\"". Please update your custom ruleset.](https://app.codacy.com/app/pixelcollective/ndn",ndncollective.org,PHP,60264463,1364947280,xss,security,general_security; injection,3,strong,strong_candidate,0,"Security-related keyword appears in a normal programming/documentation context, not describing an actual weakness."
219679274,"Well, I know why decryption is initialized inside GetObjectNInfo().\\The reason is that GetObjectNInfo calls getObject() in a goroutine which needs an offset and a length to return data in encrypted format, but offset and length are actually calculat",minio,Go,46027909,1141558442,,encryption; decrypt,cryptography,2,weak,weak_candidate,0,"Security-related keyword appears in a normal programming/documentation context, not describing an actual weakness."
211183920,"`send_request_cgi` and `send_request_raw` are the good wrapper for CGI and arbitrary HTTP requests, which could make the code cleaner and more readable.\\See doc [here](https://rapid7.github.io/metasploit-framework/api/Msf/Exploit/Remote/HttpClient.h",metasploit-framework,Ruby,44293150,1106070746,exploit,,vulnerability,2,strong,strong_candidate,0,"Discusses normal Metasploit exploit-module development/testing; 'exploit' is used in the tool's ordinary sense, not describing a vulnerability in the reviewed code."
233578429,"During the recent discussion in the sig meeting I was thinking about this guy. I think it may not be necessary to mount this secret in executors, and let the driver propagate the tokens to executors through its normal means.\\e.g. later if/when addin",spark,Scala,48836841,1203307222,,secret; token,secrets,2,weak,weak_candidate,0,"Security-related keyword appears in a normal programming/documentation context, not describing an actual weakness."
204302957,![Codacy](https://app.codacy.com/assets/images/favicon.png) Issue found: [Unable to import 'tastypie.authorization'](https://app.codacy.com/app/mytardis/mytardis/pullRequest?prid=1873289),mytardis,Python,42076081,1078424917,,authorization; authorize,authorization,2,weak,weak_candidate,0,"Security-related keyword appears in a normal programming/documentation context, not describing an actual weakness."
200001355,![Vulnerability](https://sonarsource.github.io/sonar-github/vulnerability.png 'Vulnerability') Vulnerability: Use a logger to log this exception. ([squid:S1148](https://sonarcloud.io/organizations/tron-zhaohong/rules#rule_key=squid%3AS1148))\\[See it i,java-tron,Java,41911296,1060468406,vulnerability,,vulnerability,2,strong,strong_candidate,0,"SonarQube tags this 'Vulnerability' but the underlying issue (exception logging / making a field final) is a code-quality matter, not a security weakness."
280414619,"```suggestion\`policy pull <policy-label>[:tag] [path-to-policy-file]` | Fetches the security policy, with the name specified by the `policy-label` argument, from the ShiftLeft infrastructure, if authorized. Use of the policy tag is optional (for examp",documentation,,61485659,1381657125,,authorize; security,authorization; general_security,2,weak,weak_candidate,0,"Security-related keyword appears in a normal programming/documentation context, not describing an actual weakness."
220944903,"MMW currently does enable (parts of?) its API to work with additional clients using API keys for token authorization. However, the changes to MMW to afford that happened after this project was forked.\\I think it's probably worth including a note exp",bee-pollinator-app,,46037144,1146527979,,authorization; authorize; api key; token,authorization; secrets,4,weak,weak_candidate,0,"Security-related keyword appears in a normal programming/documentation context, not describing an actual weakness."
260088176,This sample demonstrates how to create a namespace using AAD token credentials gotten from using Service Principal Secrets,azure-sdk-for-js,,56430499,1316762764,,credential; secret; token,authentication; secrets,3,weak,weak_candidate,0,"Security-related keyword appears in a normal programming/documentation context, not describing an actual weakness."
246622689,"no, it's not OK, I tested and it fails without the session token. \but if the assumeRole is successful, there's always going to be data.Credentials.SessionToken.",amplify-cli,,53172101,1264452139,,credential; token; session,authentication; secrets,3,weak,weak_candidate,0,"Security-related keyword appears in a normal programming/documentation context, not describing an actual weakness."
257015074,"![Vulnerability](https://sonarsource.github.io/sonar-github/vulnerability.png 'Vulnerability') Vulnerability: Make this \""public static TEST_INPUT_HOUSE_RESOLVER\"" field final ([squid:S1444](https://sonarqube.kbuild.msap.io/coding_rules#rule_key=squid%3A",mule,Java,55094381,1297532764,vulnerability,,vulnerability,2,strong,strong_candidate,0,"SonarQube tags this 'Vulnerability' but the underlying issue (exception logging / making a field final) is a code-quality matter, not a security weakness."
195666990,"You have to add in each and every event. I mean for eg. ```Get Event under an Order```, ```Get Event under a Stripe-Authorization``` etc. Add it everywhere you're expecting an event to be returned.",open-event-server,Python,40624521,1042326837,,authorization; authorize,authorization,2,weak,weak_candidate,0,"Security-related keyword appears in a normal programming/documentation context, not describing an actual weakness."
254836163,```suggestion\credentials that the MQTT library should use for authentication. We do not specify\```,zephyr,,55000090,1293527647,,authentication; credential,authentication; secrets,2,weak,weak_candidate,0,"Security-related keyword appears in a normal programming/documentation context, not describing an actual weakness."
251096374,"I admit I found the initial sample a bit confusing - It didn't have any TLS-specific instructions. There is a certificate in `test_certs.h`, with no indication of where it came from. It seems to expect prior knowledge from the user to know how to setup t",zephyr,,54178208,1280914350,,tls; certificate,cryptography,2,weak,weak_candidate,0,"Security-related keyword appears in a normal programming/documentation context, not describing an actual weakness."
