comment_id,comment,repo,language,pr_id,c_id,matched_strong,matched_weak,security_categories,candidate_score,indicator_strength,manual_label,review_notes,text,actual_label,logistic_regression_prediction,linear_svm_prediction,random_forest_prediction,model_agreement_count
247053880,"I have not tested, but this looks like a security hole\\If server is configured to use whitelist (invalidators), and evil user sends x-purge-token header with empty value, this `if` might match if env variable `HTTPCACHE_VARNISH_INVALIDATE_TOKEN` is ",ezplatform-http-cache,,50612071,1263826180,,token; security,general_security; secrets,2,weak,1,"Comment explicitly describes a security weakness, risk, or security-related fix.","I have not tested, but this looks like a security hole\\If server is configured to use whitelist (invalidators), and evil user sends x-purge-token header with empty value, this `if` might match if env variable `HTTPCACHE_VARNISH_INVALIDATE_TOKEN` is",1,0,1,0,2
222617322,insecur**e**\```go\// Insecure disables client verification of server TLS certificate chain\```,gravity,Go,46899430,1154678568,,tls; certificate,cryptography,2,weak,1,"Comment explicitly describes a security weakness, risk, or security-related fix.",insecur**e**\```go\// Insecure disables client verification of server TLS certificate chain\```,1,0,1,1,2
280275567,"```suggestion\Provided that your Google Play Developer account is secure, a malicious actor will not be able to update your app with your keystore and keystore password. You cannot change your keystore.\```",expo,Objective-C,61491967,1381705370,,password; malicious,authentication; malicious_activity,2,weak,1,"Comment explicitly describes a security weakness, risk, or security-related fix.","```suggestion\Provided that your Google Play Developer account is secure, a malicious actor will not be able to update your app with your keystore and keystore password. You cannot change your keystore.\```",1,0,1,0,2
208493130,"The email is displayed in the user nav bar. The session must exist for the page to render, otherwise we force a redirect to re-authenticate. So theoretically, there won't ever be an issue in retrieving the email (unless there's a drastic change where the",company-accounts.web.ch.gov.uk,,43705522,1094669482,,authenticate; session,authentication,2,weak,0,"Keyword appears while describing, implementing, or discussing an auth/crypto/credentials feature in a normal programming or documentation context, with no specific weakness, risk, or security fix identified (consistent with how the human-reviewed reference sample labels this pattern).","The email is displayed in the user nav bar. The session must exist for the page to render, otherwise we force a redirect to re-authenticate. So theoretically, there won't ever be an issue in retrieving the email (unless there's a drastic change where the",0,0,1,0,2
270232676,We can do that (by ensuring it is equal to one of the dir in sites/ . I'll look into this since planning to do a couple more things here (encrypt token stored in database and thinking about some mechanism to prevent brute force attacks on both user/pass ,openemr,PHP,58835061,1344013383,,token; encryption,cryptography; secrets,2,weak,1,"Comment explicitly describes a security weakness, risk, or security-related fix.",We can do that (by ensuring it is equal to one of the dir in sites/ . I'll look into this since planning to do a couple more things here (encrypt token stored in database and thinking about some mechanism to prevent brute force attacks on both user/pass,1,1,1,0,2
266441344,@akgalwas AddAuthorization is now used in two different scenarios:\- regular calls to upstream service;\- requests sent to the service endpoint that exposes CSRF tokens (secured with the same auth method as regular calls).\\If case of certificate,kyma,,57284846,1328691418,csrf,token; certificate,cryptography; injection; secrets,4,strong,1,Matched unambiguous security term(s): csrf.,@akgalwas AddAuthorization is now used in two different scenarios:\- regular calls to upstream service;\- requests sent to the service endpoint that exposes CSRF tokens (secured with the same auth method as regular calls).\\If case of certificate,1,1,1,0,2
196620426,It's checking that it responds with a success status code (i.e. that the CSRF token is considered valid). A 403 would cause WebTest to throw an exception. The username and password are incorrect because it's not necessary to test the process of logging i,weasyl,,41166745,1046520865,csrf,password; token,authentication; injection; secrets,4,strong,1,Matched unambiguous security term(s): csrf.,It's checking that it responds with a success status code (i.e. that the CSRF token is considered valid). A 403 would cause WebTest to throw an exception. The username and password are incorrect because it's not necessary to test the process of logging i,1,1,1,0,2
214662488,Do we need a default value for a secret in the first place? This is a such opportunity for a security hole.,legion,Python,45064170,1121069802,,secret; security,general_security; secrets,2,weak,1,"Comment explicitly describes a security weakness, risk, or security-related fix.",Do we need a default value for a secret in the first place? This is a such opportunity for a security hole.,1,0,1,0,2
282392406,"@rvl I am not sure are you ok with this change?\\> This applies the password validation rules (e.g. 10 chars). But if the password was set through an API call with curl, then it might not validate.\\password wouldn't validate with curl as well be",cardano-wallet,,53540191,1387104799,,password; validation,authentication; input_validation,2,weak,1,"Comment explicitly describes a security weakness, risk, or security-related fix.","@rvl I am not sure are you ok with this change?\\> This applies the password validation rules (e.g. 10 chars). But if the password was set through an API call with curl, then it might not validate.\\password wouldn't validate with curl as well be",1,0,1,1,2
267436233,"Is it OK to make this information public?  If this is all generated locally, how is the API involved?  Could someone else use this key and ID to break our search?  Or possibly to inject malicious code into our users' browser sessions?",taskcluster,,58209718,1334377066,,session; malicious,authentication; malicious_activity,2,weak,1,"Comment explicitly describes a security weakness, risk, or security-related fix.","Is it OK to make this information public?  If this is all generated locally, how is the API involved?  Could someone else use this key and ID to break our search?  Or possibly to inject malicious code into our users' browser sessions?",1,0,1,0,2
258808854,"The error message make no sense. Also, `assertTrue( bool(v), .` is more expressive. Exploiting the equivalence between `not  x` and `not bool(x)` is borderline insidious.",azul,,54259002,1305984223,exploit,,vulnerability,2,strong,1,"""Exploit"" used in a security sense (attack/exploit code, security bug).","The error message make no sense. Also, `assertTrue( bool(v), .` is more expressive. Exploiting the equivalence between `not  x` and `not bool(x)` is borderline insidious.",1,0,0,1,2
287555815,"Good catch, that's one stupid security hole I didn't thought trough...\\Even if the web interface port isn't open when the default password is in use the password can be MiTM since I didn't added the possibility to configure the SSL files. With that ",nixpkgs,Nix,58913149,1348208712,,password; ssl; security,authentication; cryptography; general_security,3,weak,1,"Comment explicitly describes a security weakness, risk, or security-related fix.","Good catch, that's one stupid security hole I didn't thought trough...\\Even if the web interface port isn't open when the default password is in use the password can be MiTM since I didn't added the possibility to configure the SSL files. With that",1,0,1,0,2
266692799,```suggestion\The gRPC can be run in clear-text mode _(insecure! that's why it is hidden and for lab test only!)_ or SSL encrypted mode for enhanced security. For simplicity we'll go with clear-text in the lab. More information about gRPC over SSL can ,antidote,JavaScript,54977514,1293218994,,ssl; encryption; security,cryptography; general_security,3,weak,1,"Comment explicitly describes a security weakness, risk, or security-related fix.",```suggestion\The gRPC can be run in clear-text mode _(insecure! that's why it is hidden and for lab test only!)_ or SSL encrypted mode for enhanced security. For simplicity we'll go with clear-text in the lab. More information about gRPC over SSL can,1,1,1,0,2
250967743,"status 401 - unauthorized, I'm not sure if controller check authorization...",eoc,,54215340,1281281375,,authorization; authorize,authorization,2,weak,1,"Comment explicitly describes a security weakness, risk, or security-related fix.","status 401 - unauthorized, I'm not sure if controller check authorization...",1,1,1,0,2
238675455,"Changed to \""Factories allow you to replace variables or placeholders with real values to expose sensitive information (passwords, URLs, account names, API keys) in the source code \"". Better?",che-docs,CSS,50899526,1224041661,,password; api key,authentication; secrets,2,weak,1,"Comment explicitly describes a security weakness, risk, or security-related fix.","Changed to \""Factories allow you to replace variables or placeholders with real values to expose sensitive information (passwords, URLs, account names, API keys) in the source code \"". Better?",1,1,1,0,2
287533732,"Shall we also test ServiceRoleBinding, which is the publicly supported v1alpha1 policy?\\To allow b to call a, the authorization policy should be (the selector part is missing):\\...\spec:\  selector:\    matchLabels: \      app: a\  al",istio,,63401202,1407021347,,authorization; authorize,authorization,2,weak,0,"Keyword appears while describing, implementing, or discussing an auth/crypto/credentials feature in a normal programming or documentation context, with no specific weakness, risk, or security fix identified (consistent with how the human-reviewed reference sample labels this pattern).","Shall we also test ServiceRoleBinding, which is the publicly supported v1alpha1 policy?\\To allow b to call a, the authorization policy should be (the selector part is missing):\\...\spec:\  selector:\    matchLabels: \      app: a\  al",0,0,1,0,2
237169656,Paperclip actually doesn't sanitize the file name. I added a validation on `HostedFile` and a spec for the `FilesController` to prevent file_name-spoofing,pageflow,Ruby,50039899,1217939728,,sanitize; validation,input_validation,2,weak,1,"Comment explicitly describes a security weakness, risk, or security-related fix.",Paperclip actually doesn't sanitize the file name. I added a validation on `HostedFile` and a spec for the `FilesController` to prevent file_name-spoofing,1,0,1,0,2
227524280,"Maybe rename this to \""missing claims and request info\"" (or something in that vein). When I first read \""missing JWT\"" I assumed it was a test where the request itself is missing an Authorization header and it didn't make sense to me that it would retur",sensu-go,Go,48199198,1176237216,,authorization; authorize,authorization,2,weak,1,"Comment explicitly describes a security weakness, risk, or security-related fix.","Maybe rename this to \""missing claims and request info\"" (or something in that vein). When I first read \""missing JWT\"" I assumed it was a test where the request itself is missing an Authorization header and it didn't make sense to me that it would retur",1,0,1,0,2
263916168,And this needs to be placed before `[remote code execution]:` reference.\```suggestion\[`minVersion`]: tls.html#tls_tls_createsecurecontext_options\```,node,JavaScript,56151637,1324828091,remote code execution,tls,code_execution; cryptography,3,strong,1,Matched strong security term(s): remote code execution.,And this needs to be placed before `[remote code execution]:` reference.\```suggestion\[`minVersion`]: tls.html#tls_tls_createsecurecontext_options\```,1,1,1,0,2
238173051,"Having read this, I'd expect the example code to have at least 3 different connections.\ Suggest: \""The following code shows different ways of setting up a connection using SSL or TLS. They are both potentially insecure because the default version is u",ql,,50630988,1224676969,,tls; ssl,cryptography,2,weak,1,"Comment explicitly describes a security weakness, risk, or security-related fix.","Having read this, I'd expect the example code to have at least 3 different connections.\ Suggest: \""The following code shows different ways of setting up a connection using SSL or TLS. They are both potentially insecure because the default version is u",1,0,1,0,2
231669283,"I tested manually with security manager with and without read permission to the resource files and it works as expected. In the case of not having read access to the file, i get the below exception:\\java.security.AccessControlException: access denie",openjdk-jfx,C++,47736059,1185262451,,permission; security,authorization; general_security,2,weak,1,"Comment explicitly describes a security weakness, risk, or security-related fix.","I tested manually with security manager with and without read permission to the resource files and it works as expected. In the case of not having read access to the file, i get the below exception:\\java.security.AccessControlException: access denie",1,0,1,1,2
219130258,"![BLOCKER](https://sonarsource.github.io/sonar-github/severity-blocker.png 'Severity: BLOCKER') 'password' detected in this expression, review this potentially hard-coded credential. [![rule](https://sonarsource.github.io/sonar-github/rule.png)](https://",raml-module-builder,RAML,46083515,1139859294,,password; credential,authentication; secrets,2,weak,0,"Keyword appears while describing, implementing, or discussing an auth/crypto/credentials feature in a normal programming or documentation context, with no specific weakness, risk, or security fix identified (consistent with how the human-reviewed reference sample labels this pattern).","![BLOCKER](https://sonarsource.github.io/sonar-github/severity-blocker.png 'Severity: BLOCKER') 'password' detected in this expression, review this potentially hard-coded credential. [![rule](https://sonarsource.github.io/sonar-github/rule.png)](https://",0,1,0,0,2
209956526,"We cannot give everyone access to a spec file.\Here should be auth='user', csrf=True(it's default)",addons-dev,,44021881,1100816442,csrf,,injection,2,strong,1,Matched unambiguous security term(s): csrf.,"We cannot give everyone access to a spec file.\Here should be auth='user', csrf=True(it's default)",1,1,1,0,2
219259701,"Shoot.... There's a problem, this is insecure.  command line args can be seen on nearly any platform so they cannot be used to pass around passwords and other secrets.",ansible,Python,28945643,1140222339,,password; secret,authentication; secrets,2,weak,1,"Comment explicitly describes a security weakness, risk, or security-related fix.","Shoot.... There's a problem, this is insecure.  command line args can be seen on nearly any platform so they cannot be used to pass around passwords and other secrets.",1,1,1,0,2
