category,sample_count,actual_negative,actual_positive,accuracy,precision,recall,f1_score,false_positives,false_negatives
authentication,585,544,41,0.9641025641025641,0.9166666666666666,0.5365853658536586,0.676923076923077,2,19
secrets,560,509,51,0.9625,0.96875,0.6078431372549019,0.7469879518072289,1,20
authorization,438,415,23,0.9680365296803652,0.9090909090909091,0.43478260869565216,0.5882352941176471,1,13
cryptography,405,376,29,0.9629629629629629,1.0,0.4827586206896552,0.6511627906976745,0,15
vulnerability,368,0,368,0.9945652173913043,1.0,0.9945652173913043,0.997275204359673,0,2
general_security,256,159,97,0.96875,0.989010989010989,0.9278350515463918,0.9574468085106383,1,7
injection,142,0,142,1.0,1.0,1.0,1.0,0,0
input_validation,88,69,19,0.9545454545454546,1.0,0.7894736842105263,0.8823529411764706,0,4
memory_safety,32,0,32,1.0,1.0,1.0,1.0,0,0
malicious_activity,11,0,11,1.0,1.0,1.0,1.0,0,0
code_execution,8,0,8,0.875,1.0,0.875,0.9333333333333333,0,1
denial_of_service,6,0,6,1.0,1.0,1.0,1.0,0,0
sandbox,5,4,1,1.0,1.0,1.0,1.0,0,0
path_traversal,4,0,4,1.0,1.0,1.0,1.0,0,0
