model,fold,train_samples,validation_samples,train_groups,validation_groups,accuracy,balanced_accuracy,precision,recall,f1
Logistic Regression,1,3200,803,2204,558,0.6488169364881694,0.5725282352198877,0.36363636363636365,0.4074074074074074,0.38427947598253276
Logistic Regression,2,3203,800,2223,539,0.65875,0.5668319989792989,0.3640552995391705,0.3691588785046729,0.3665893271461717
Logistic Regression,3,3203,800,2201,561,0.65625,0.5769911645561545,0.3702127659574468,0.40654205607476634,0.38752783964365256
Logistic Regression,4,3203,800,2201,561,0.63375,0.5512503588402283,0.33472803347280333,0.37383177570093457,0.35320088300220753
Logistic Regression,5,3203,800,2219,543,0.67125,0.5648777579010137,0.375,0.33488372093023255,0.3538083538083538
Linear SVM,1,3200,803,2204,558,0.6687422166874222,0.5832308032052496,0.38738738738738737,0.39814814814814814,0.3926940639269406
Linear SVM,2,3203,800,2223,539,0.6425,0.552773436254027,0.3407079646017699,0.3598130841121495,0.35
Linear SVM,3,3203,800,2201,561,0.64625,0.5523667506618608,0.3424657534246575,0.35046728971962615,0.3464203233256351
Linear SVM,4,3203,800,2201,561,0.635,0.5446875697744888,0.32894736842105265,0.35046728971962615,0.3393665158371041
Linear SVM,5,3203,800,2219,543,0.65,0.5488769628304513,0.34299516908212563,0.3302325581395349,0.33649289099526064
Random Forest,1,3200,803,2204,558,0.701120797011208,0.5922100763455107,0.43258426966292135,0.35648148148148145,0.39086294416243655
Random Forest,2,3203,800,2223,539,0.6925,0.5587222098178687,0.3918918918918919,0.27102803738317754,0.32044198895027626
Random Forest,3,3203,800,2201,561,0.70625,0.5755239067334375,0.42857142857142855,0.29439252336448596,0.3490304709141274
Random Forest,4,3203,800,2201,561,0.68125,0.5540094414851201,0.37267080745341613,0.2803738317757009,0.32
Random Forest,5,3203,800,2219,543,0.68,0.5340886503677201,0.34814814814814815,0.2186046511627907,0.26857142857142857
